user_id,loginEmail,userEmail,name,role
1,kakao_2541@kakao.com,user7966@gmail.com,한유정,ADMIN
2,kakao_1682@kakao.com,user3881@gmail.com,박하윤,USER
3,kakao_1623@kakao.com,user2781@gmail.com,강가영,USER
4,kakao_4487@kakao.com,user9751@gmail.com,강유정,USER
5,kakao_7763@kakao.com,user4801@gmail.com,권도윤,USER
6,kakao_5880@kakao.com,user4157@gmail.com,정민기,USER
7,kakao_9125@kakao.com,user5281@gmail.com,유다은,ADMIN
8,kakao_6037@kakao.com,user8685@gmail.com,안동혁,USER
9,kakao_8936@kakao.com,user8407@gmail.com,안정은,USER
10,kakao_5789@kakao.com,user7601@gmail.com,안정은,ADMIN
11,kakao_4337@kakao.com,user2403@gmail.com,한민수,USER
12,kakao_3173@kakao.com,user9839@gmail.com,안하윤,USER
13,kakao_1216@kakao.com,user1259@gmail.com,한도윤,USER
14,kakao_6727@kakao.com,user9705@gmail.com,이유정,ADMIN
15,kakao_2848@kakao.com,user3137@gmail.com,이민기,ADMIN
16,kakao_4293@kakao.com,user1146@gmail.com,전민기,ADMIN
17,kakao_7350@kakao.com,user5840@gmail.com,최가영,USER
18,kakao_7019@kakao.com,user4654@gmail.com,송동혁,ADMIN
19,kakao_4994@kakao.com,user7134@gmail.com,김현우,USER
20,kakao_2642@kakao.com,user6872@gmail.com,서동혁,ADMIN
21,kakao_1652@kakao.com,user7402@gmail.com,조유정,USER
22,kakao_9847@kakao.com,user2982@gmail.com,송상민,ADMIN
23,kakao_5813@kakao.com,user1182@gmail.com,홍서현,USER
24,kakao_5202@kakao.com,user5180@gmail.com,전민수,USER
25,kakao_3989@kakao.com,user9250@gmail.com,권정은,ADMIN
26,kakao_1764@kakao.com,user7060@gmail.com,정상민,USER
27,kakao_5737@kakao.com,user5281@gmail.com,전지원,ADMIN
28,kakao_4899@kakao.com,user4181@gmail.com,황동혁,USER
29,kakao_4705@kakao.com,user6947@gmail.com,유동혁,ADMIN
30,kakao_8323@kakao.com,user4451@gmail.com,전서현,USER
31,kakao_1350@kakao.com,user5833@gmail.com,김다은,USER
32,kakao_8172@kakao.com,user5532@gmail.com,윤현우,USER
33,kakao_7704@kakao.com,user5695@gmail.com,박지원,ADMIN
34,kakao_4123@kakao.com,user3533@gmail.com,장하윤,ADMIN
35,kakao_8135@kakao.com,user8321@gmail.com,박하윤,USER
36,kakao_9914@kakao.com,user4010@gmail.com,권정은,USER
37,kakao_4000@kakao.com,user2785@gmail.com,박도윤,USER
38,kakao_1075@kakao.com,user1527@gmail.com,서상민,ADMIN
39,kakao_8524@kakao.com,user8324@gmail.com,장도윤,USER
40,kakao_8571@kakao.com,user1490@gmail.com,정하윤,USER
41,kakao_9340@kakao.com,user8091@gmail.com,김동혁,ADMIN
42,kakao_8639@kakao.com,user9517@gmail.com,장지민,ADMIN
43,kakao_5645@kakao.com,user2600@gmail.com,권다은,USER
44,kakao_5790@kakao.com,user2985@gmail.com,송정은,USER
45,kakao_6415@kakao.com,user8269@gmail.com,유다은,ADMIN
46,kakao_9698@kakao.com,user3472@gmail.com,권지원,USER
47,kakao_4170@kakao.com,user7702@gmail.com,이지원,ADMIN
48,kakao_3236@kakao.com,user9353@gmail.com,정민기,ADMIN
49,kakao_5037@kakao.com,user7152@gmail.com,홍지원,ADMIN
50,kakao_9478@kakao.com,user9345@gmail.com,유상민,USER
51,kakao_6935@kakao.com,user8228@gmail.com,이현우,ADMIN
52,kakao_8352@kakao.com,user5765@gmail.com,유정은,ADMIN
53,kakao_6284@kakao.com,user9863@gmail.com,조다은,ADMIN
54,kakao_5838@kakao.com,user7533@gmail.com,황다은,ADMIN
55,kakao_3328@kakao.com,user8355@gmail.com,김민수,ADMIN
56,kakao_7937@kakao.com,user8661@gmail.com,유영희,USER
57,kakao_6426@kakao.com,user2490@gmail.com,윤혜정,ADMIN
58,kakao_9800@kakao.com,user7704@gmail.com,서지민,USER
59,kakao_7876@kakao.com,user3737@gmail.com,전상민,USER
60,kakao_8652@kakao.com,user5435@gmail.com,한서연,USER
61,kakao_6136@kakao.com,user5407@gmail.com,윤도윤,ADMIN
62,kakao_8856@kakao.com,user3051@gmail.com,유하윤,ADMIN
63,kakao_1617@kakao.com,user9776@gmail.com,박도윤,USER
64,kakao_1191@kakao.com,user6011@gmail.com,강지원,USER
65,kakao_2714@kakao.com,user4861@gmail.com,안가영,ADMIN
66,kakao_6903@kakao.com,user9380@gmail.com,정하윤,USER
67,kakao_5017@kakao.com,user7704@gmail.com,전서현,ADMIN
68,kakao_7138@kakao.com,user3072@gmail.com,한가영,ADMIN
69,kakao_6306@kakao.com,user5230@gmail.com,오상민,ADMIN
70,kakao_5626@kakao.com,user7159@gmail.com,권민수,ADMIN
71,kakao_8946@kakao.com,user3756@gmail.com,송현우,USER
72,kakao_8778@kakao.com,user8481@gmail.com,신가영,USER
73,kakao_6761@kakao.com,user7818@gmail.com,김도윤,ADMIN
74,kakao_2925@kakao.com,user9033@gmail.com,윤지원,ADMIN
75,kakao_5452@kakao.com,user6124@gmail.com,이지원,ADMIN
76,kakao_3915@kakao.com,user3938@gmail.com,안상민,USER
77,kakao_3843@kakao.com,user8575@gmail.com,김서현,USER
78,kakao_3434@kakao.com,user4568@gmail.com,전지민,USER
79,kakao_3036@kakao.com,user2554@gmail.com,조지민,USER
80,kakao_1412@kakao.com,user6446@gmail.com,안화경,USER
81,kakao_2082@kakao.com,user5521@gmail.com,정영희,ADMIN
82,kakao_3607@kakao.com,user1680@gmail.com,황동혁,ADMIN
83,kakao_2649@kakao.com,user3571@gmail.com,신정은,USER
84,kakao_5499@kakao.com,user5677@gmail.com,장상민,ADMIN
85,kakao_9649@kakao.com,user4201@gmail.com,이서연,ADMIN
86,kakao_4617@kakao.com,user1040@gmail.com,유민기,ADMIN
87,kakao_1158@kakao.com,user4065@gmail.com,김상민,USER
88,kakao_4695@kakao.com,user2782@gmail.com,윤화경,ADMIN
89,kakao_9385@kakao.com,user9777@gmail.com,오유정,ADMIN
90,kakao_3473@kakao.com,user9567@gmail.com,홍서연,ADMIN
91,kakao_3563@kakao.com,user8127@gmail.com,김민기,USER
92,kakao_8580@kakao.com,user3140@gmail.com,조영희,ADMIN
93,kakao_5373@kakao.com,user2515@gmail.com,전다은,USER
94,kakao_9370@kakao.com,user8559@gmail.com,권가영,USER
95,kakao_1919@kakao.com,user5140@gmail.com,강영희,USER
96,kakao_9750@kakao.com,user3840@gmail.com,이화경,USER
97,kakao_3136@kakao.com,user4718@gmail.com,강유정,ADMIN
98,kakao_8371@kakao.com,user7085@gmail.com,박서현,ADMIN
99,kakao_3256@kakao.com,user1379@gmail.com,김유정,ADMIN
100,kakao_6642@kakao.com,user4416@gmail.com,윤서현,ADMIN
101,kakao_3665@kakao.com,user7730@gmail.com,장화경,USER
102,kakao_7174@kakao.com,user7240@gmail.com,유서현,USER
103,kakao_1037@kakao.com,user7278@gmail.com,송영희,ADMIN
104,kakao_2507@kakao.com,user1940@gmail.com,조현우,ADMIN
105,kakao_3145@kakao.com,user5682@gmail.com,황상민,ADMIN
106,kakao_3450@kakao.com,user2532@gmail.com,유혜정,USER
107,kakao_5533@kakao.com,user3654@gmail.com,신다은,USER
108,kakao_3067@kakao.com,user6188@gmail.com,한도윤,USER
109,kakao_2184@kakao.com,user2889@gmail.com,한민수,USER
110,kakao_1320@kakao.com,user9147@gmail.com,송유정,USER
111,kakao_4446@kakao.com,user3165@gmail.com,황지원,USER
112,kakao_5657@kakao.com,user2515@gmail.com,박도윤,ADMIN
113,kakao_3325@kakao.com,user7249@gmail.com,권서현,ADMIN
114,kakao_2257@kakao.com,user9006@gmail.com,한하윤,USER
115,kakao_5561@kakao.com,user6494@gmail.com,윤민수,ADMIN
116,kakao_6992@kakao.com,user7946@gmail.com,조정은,USER
117,kakao_8338@kakao.com,user4170@gmail.com,이서연,USER
118,kakao_3284@kakao.com,user7025@gmail.com,장동혁,USER
119,kakao_9369@kakao.com,user2026@gmail.com,김상민,ADMIN
120,kakao_8275@kakao.com,user2656@gmail.com,조서현,ADMIN
121,kakao_4343@kakao.com,user9688@gmail.com,오지민,ADMIN
122,kakao_5848@kakao.com,user6329@gmail.com,홍혜정,ADMIN
123,kakao_4347@kakao.com,user7421@gmail.com,오지원,USER
124,kakao_1944@kakao.com,user9117@gmail.com,윤지원,ADMIN
125,kakao_1317@kakao.com,user3222@gmail.com,황다은,USER
126,kakao_1538@kakao.com,user5159@gmail.com,한유정,ADMIN
127,kakao_2837@kakao.com,user8302@gmail.com,윤동혁,USER
128,kakao_4141@kakao.com,user6501@gmail.com,안정은,USER
129,kakao_2569@kakao.com,user2288@gmail.com,서다은,ADMIN
130,kakao_2296@kakao.com,user9720@gmail.com,박서현,ADMIN
131,kakao_5962@kakao.com,user3183@gmail.com,정지원,USER
132,kakao_6612@kakao.com,user9451@gmail.com,안지민,ADMIN
133,kakao_9644@kakao.com,user5308@gmail.com,최민기,USER
134,kakao_5582@kakao.com,user7903@gmail.com,유지원,ADMIN
135,kakao_9895@kakao.com,user4388@gmail.com,한다은,ADMIN
136,kakao_1374@kakao.com,user3784@gmail.com,유가영,USER
137,kakao_6477@kakao.com,user9399@gmail.com,유정은,ADMIN
138,kakao_3105@kakao.com,user7023@gmail.com,박서연,ADMIN
139,kakao_2924@kakao.com,user8758@gmail.com,송민기,ADMIN
140,kakao_6415@kakao.com,user6547@gmail.com,최서연,ADMIN
141,kakao_3508@kakao.com,user9830@gmail.com,박서연,USER
142,kakao_1349@kakao.com,user3372@gmail.com,오하윤,USER
143,kakao_8951@kakao.com,user2095@gmail.com,이하윤,ADMIN
144,kakao_9188@kakao.com,user7132@gmail.com,신민기,ADMIN
145,kakao_9762@kakao.com,user9639@gmail.com,서지원,ADMIN
146,kakao_8036@kakao.com,user8776@gmail.com,강정은,USER
147,kakao_9732@kakao.com,user4669@gmail.com,정혜정,ADMIN
148,kakao_6567@kakao.com,user1950@gmail.com,윤도윤,USER
149,kakao_2015@kakao.com,user6277@gmail.com,윤도윤,USER
150,kakao_5965@kakao.com,user8806@gmail.com,송현우,ADMIN
151,kakao_6901@kakao.com,user6943@gmail.com,조동혁,ADMIN
152,kakao_2512@kakao.com,user5661@gmail.com,조도윤,ADMIN
153,kakao_8110@kakao.com,user7373@gmail.com,서민수,ADMIN
154,kakao_4911@kakao.com,user5853@gmail.com,윤영희,USER
155,kakao_1696@kakao.com,user3421@gmail.com,한가영,USER
156,kakao_4098@kakao.com,user2410@gmail.com,최도윤,USER
157,kakao_5488@kakao.com,user4628@gmail.com,오영희,USER
158,kakao_9116@kakao.com,user8576@gmail.com,황민기,ADMIN
159,kakao_9838@kakao.com,user4665@gmail.com,홍지원,USER
160,kakao_9432@kakao.com,user3449@gmail.com,김다은,USER
161,kakao_6130@kakao.com,user8001@gmail.com,강민수,USER
162,kakao_5730@kakao.com,user5319@gmail.com,송현우,USER
163,kakao_6475@kakao.com,user7369@gmail.com,홍상민,ADMIN
164,kakao_9038@kakao.com,user4001@gmail.com,윤하윤,ADMIN
165,kakao_6526@kakao.com,user1630@gmail.com,오하윤,USER
166,kakao_8349@kakao.com,user1957@gmail.com,김민수,ADMIN
167,kakao_3592@kakao.com,user4292@gmail.com,한혜정,USER
168,kakao_3899@kakao.com,user3998@gmail.com,전지민,ADMIN
169,kakao_8748@kakao.com,user4601@gmail.com,한다은,ADMIN
170,kakao_2322@kakao.com,user7065@gmail.com,권서현,USER
171,kakao_6569@kakao.com,user2449@gmail.com,강화경,USER
172,kakao_3905@kakao.com,user4734@gmail.com,윤가영,ADMIN
173,kakao_6772@kakao.com,user5654@gmail.com,이가영,USER
174,kakao_6168@kakao.com,user1835@gmail.com,박상민,USER
175,kakao_1627@kakao.com,user9640@gmail.com,홍유정,ADMIN
176,kakao_1598@kakao.com,user1599@gmail.com,윤하윤,ADMIN
177,kakao_9655@kakao.com,user9313@gmail.com,홍민기,USER
178,kakao_7429@kakao.com,user3341@gmail.com,황정은,USER
179,kakao_5013@kakao.com,user7216@gmail.com,유도윤,ADMIN
180,kakao_1615@kakao.com,user2114@gmail.com,전동혁,USER
181,kakao_9560@kakao.com,user7098@gmail.com,송지민,ADMIN
182,kakao_9363@kakao.com,user2584@gmail.com,신서현,USER
183,kakao_1787@kakao.com,user4587@gmail.com,안지원,USER
184,kakao_4615@kakao.com,user2835@gmail.com,황도윤,ADMIN
185,kakao_9258@kakao.com,user9343@gmail.com,송정은,ADMIN
186,kakao_7123@kakao.com,user9562@gmail.com,윤지원,USER
187,kakao_9175@kakao.com,user7890@gmail.com,전다은,USER
188,kakao_2621@kakao.com,user4310@gmail.com,권민수,USER
189,kakao_5033@kakao.com,user7418@gmail.com,신동혁,ADMIN
190,kakao_1813@kakao.com,user7505@gmail.com,이지민,ADMIN
191,kakao_8635@kakao.com,user3120@gmail.com,한민기,ADMIN
192,kakao_9733@kakao.com,user3333@gmail.com,홍화경,ADMIN
193,kakao_1707@kakao.com,user5175@gmail.com,송서현,ADMIN
194,kakao_7139@kakao.com,user9069@gmail.com,신현우,USER
195,kakao_1269@kakao.com,user9732@gmail.com,신가영,ADMIN
196,kakao_2662@kakao.com,user8897@gmail.com,조지원,ADMIN
197,kakao_5996@kakao.com,user2984@gmail.com,박서현,USER
198,kakao_2278@kakao.com,user3255@gmail.com,박유정,ADMIN
199,kakao_1890@kakao.com,user5043@gmail.com,서가영,USER
200,kakao_9221@kakao.com,user4039@gmail.com,송영희,USER
201,kakao_3828@kakao.com,user6912@gmail.com,최혜정,ADMIN
202,kakao_9776@kakao.com,user8767@gmail.com,유상민,USER
203,kakao_8273@kakao.com,user3286@gmail.com,전지원,USER
204,kakao_9477@kakao.com,user1961@gmail.com,장화경,USER
205,kakao_9642@kakao.com,user7722@gmail.com,홍지민,USER
206,kakao_6483@kakao.com,user2473@gmail.com,홍가영,USER
207,kakao_1364@kakao.com,user9796@gmail.com,전정은,ADMIN
208,kakao_6575@kakao.com,user5966@gmail.com,정서연,USER
209,kakao_4480@kakao.com,user5284@gmail.com,신지민,USER
210,kakao_4237@kakao.com,user5581@gmail.com,송혜정,USER
211,kakao_9915@kakao.com,user2903@gmail.com,황상민,USER
212,kakao_7596@kakao.com,user2889@gmail.com,전지원,USER
213,kakao_8284@kakao.com,user7118@gmail.com,서혜정,ADMIN
214,kakao_5131@kakao.com,user9483@gmail.com,유가영,ADMIN
215,kakao_7553@kakao.com,user6085@gmail.com,안서현,ADMIN
216,kakao_8048@kakao.com,user8744@gmail.com,오상민,ADMIN
217,kakao_2399@kakao.com,user5120@gmail.com,장지원,ADMIN
218,kakao_5882@kakao.com,user9763@gmail.com,정영희,USER
219,kakao_5650@kakao.com,user2210@gmail.com,신혜정,ADMIN
220,kakao_5431@kakao.com,user9932@gmail.com,장민기,ADMIN
221,kakao_5408@kakao.com,user5808@gmail.com,유민기,ADMIN
222,kakao_5009@kakao.com,user5727@gmail.com,김도윤,USER
223,kakao_5110@kakao.com,user6280@gmail.com,홍상민,ADMIN
224,kakao_5558@kakao.com,user5698@gmail.com,한다은,USER
225,kakao_9927@kakao.com,user2425@gmail.com,최다은,ADMIN
226,kakao_9459@kakao.com,user7031@gmail.com,윤혜정,ADMIN
227,kakao_2167@kakao.com,user2401@gmail.com,장지민,USER
228,kakao_5483@kakao.com,user4503@gmail.com,송유정,ADMIN
229,kakao_1621@kakao.com,user5638@gmail.com,이민기,ADMIN
230,kakao_1685@kakao.com,user1876@gmail.com,황지민,ADMIN
231,kakao_2754@kakao.com,user2976@gmail.com,안민수,ADMIN
232,kakao_1687@kakao.com,user9568@gmail.com,홍혜정,ADMIN
233,kakao_9421@kakao.com,user5614@gmail.com,전하윤,USER
234,kakao_8141@kakao.com,user6565@gmail.com,최현우,ADMIN
235,kakao_3787@kakao.com,user3095@gmail.com,권혜정,ADMIN
236,kakao_7708@kakao.com,user7949@gmail.com,정하윤,ADMIN
237,kakao_3324@kakao.com,user3655@gmail.com,정서연,ADMIN
238,kakao_8125@kakao.com,user2583@gmail.com,한유정,USER
239,kakao_1937@kakao.com,user7301@gmail.com,유지원,USER
240,kakao_4914@kakao.com,user1051@gmail.com,오화경,USER
241,kakao_5294@kakao.com,user6100@gmail.com,송정은,ADMIN
242,kakao_3134@kakao.com,user3093@gmail.com,박하윤,ADMIN
243,kakao_9623@kakao.com,user9614@gmail.com,한영희,USER
244,kakao_3577@kakao.com,user8923@gmail.com,정현우,ADMIN
245,kakao_9627@kakao.com,user8610@gmail.com,유화경,ADMIN
246,kakao_5662@kakao.com,user3026@gmail.com,장하윤,USER
247,kakao_5857@kakao.com,user5274@gmail.com,오도윤,USER
248,kakao_8308@kakao.com,user1086@gmail.com,이가영,USER
249,kakao_4178@kakao.com,user7392@gmail.com,최가영,USER
250,kakao_1824@kakao.com,user3011@gmail.com,강가영,ADMIN
251,kakao_4553@kakao.com,user8839@gmail.com,권민수,ADMIN
252,kakao_6896@kakao.com,user4383@gmail.com,안민수,ADMIN
253,kakao_7280@kakao.com,user9130@gmail.com,한하윤,ADMIN
254,kakao_9969@kakao.com,user3400@gmail.com,최다은,USER
255,kakao_2414@kakao.com,user6023@gmail.com,홍가영,ADMIN
256,kakao_1552@kakao.com,user8419@gmail.com,최혜정,USER
257,kakao_9943@kakao.com,user9628@gmail.com,송지원,USER
258,kakao_9209@kakao.com,user1072@gmail.com,강민수,ADMIN
259,kakao_9154@kakao.com,user3635@gmail.com,장민기,USER
260,kakao_9080@kakao.com,user6443@gmail.com,홍혜정,ADMIN
261,kakao_2680@kakao.com,user4353@gmail.com,한하윤,ADMIN
262,kakao_7447@kakao.com,user4635@gmail.com,박지민,ADMIN
263,kakao_2702@kakao.com,user1606@gmail.com,서민기,USER
264,kakao_1892@kakao.com,user1420@gmail.com,이민수,ADMIN
265,kakao_5909@kakao.com,user3956@gmail.com,한서연,USER
266,kakao_5609@kakao.com,user2958@gmail.com,이정은,USER
267,kakao_9514@kakao.com,user8523@gmail.com,윤하윤,USER
268,kakao_4370@kakao.com,user6290@gmail.com,송서현,ADMIN
269,kakao_4655@kakao.com,user7936@gmail.com,박민수,USER
270,kakao_8965@kakao.com,user5458@gmail.com,장서연,USER
271,kakao_3676@kakao.com,user7142@gmail.com,안동혁,ADMIN
272,kakao_9510@kakao.com,user1147@gmail.com,안다은,ADMIN
273,kakao_7253@kakao.com,user7904@gmail.com,한상민,USER
274,kakao_5049@kakao.com,user9826@gmail.com,신상민,ADMIN
275,kakao_5601@kakao.com,user3059@gmail.com,전도윤,USER
276,kakao_6623@kakao.com,user3266@gmail.com,윤서연,USER
277,kakao_3549@kakao.com,user8579@gmail.com,한혜정,USER
278,kakao_6647@kakao.com,user9720@gmail.com,전화경,ADMIN
279,kakao_1082@kakao.com,user2460@gmail.com,전상민,ADMIN
280,kakao_1369@kakao.com,user3541@gmail.com,한하윤,ADMIN
281,kakao_7178@kakao.com,user4411@gmail.com,조도윤,USER
282,kakao_2072@kakao.com,user9940@gmail.com,조지원,ADMIN
283,kakao_7958@kakao.com,user2912@gmail.com,최민기,ADMIN
284,kakao_3808@kakao.com,user3339@gmail.com,김상민,ADMIN
285,kakao_1519@kakao.com,user3952@gmail.com,장다은,USER
286,kakao_3836@kakao.com,user3796@gmail.com,신다은,USER
287,kakao_2936@kakao.com,user1178@gmail.com,황혜정,USER
288,kakao_9857@kakao.com,user1477@gmail.com,한정은,USER
289,kakao_4147@kakao.com,user9733@gmail.com,안화경,USER
290,kakao_8764@kakao.com,user6371@gmail.com,권혜정,USER
291,kakao_9137@kakao.com,user4899@gmail.com,강지민,USER
292,kakao_4681@kakao.com,user3527@gmail.com,한현우,USER
293,kakao_2368@kakao.com,user4015@gmail.com,한서연,USER
294,kakao_5257@kakao.com,user5173@gmail.com,한서연,ADMIN
295,kakao_3045@kakao.com,user4735@gmail.com,서도윤,ADMIN
296,kakao_1767@kakao.com,user2867@gmail.com,신서연,ADMIN
297,kakao_4715@kakao.com,user1075@gmail.com,홍지민,ADMIN
298,kakao_5486@kakao.com,user4026@gmail.com,한화경,USER
299,kakao_9462@kakao.com,user9420@gmail.com,유혜정,ADMIN
300,kakao_7834@kakao.com,user6584@gmail.com,장가영,ADMIN
301,kakao_1397@kakao.com,user5716@gmail.com,오민기,ADMIN
302,kakao_7921@kakao.com,user8199@gmail.com,권상민,ADMIN
303,kakao_2386@kakao.com,user3118@gmail.com,정가영,ADMIN
304,kakao_2615@kakao.com,user6358@gmail.com,윤지원,ADMIN
305,kakao_4764@kakao.com,user4942@gmail.com,전민수,ADMIN
306,kakao_8595@kakao.com,user7970@gmail.com,한화경,USER
307,kakao_1910@kakao.com,user8802@gmail.com,이영희,ADMIN
308,kakao_2589@kakao.com,user7143@gmail.com,김다은,ADMIN
309,kakao_6248@kakao.com,user3349@gmail.com,강서현,USER
310,kakao_5133@kakao.com,user2084@gmail.com,이현우,ADMIN
311,kakao_5555@kakao.com,user3848@gmail.com,신상민,USER
312,kakao_6106@kakao.com,user2373@gmail.com,김서현,USER
313,kakao_3177@kakao.com,user7622@gmail.com,박서연,USER
314,kakao_7847@kakao.com,user1018@gmail.com,황가영,ADMIN
315,kakao_5699@kakao.com,user8003@gmail.com,송가영,ADMIN
316,kakao_6400@kakao.com,user1676@gmail.com,안가영,ADMIN
317,kakao_7586@kakao.com,user5019@gmail.com,박하윤,USER
318,kakao_5652@kakao.com,user6076@gmail.com,황민수,USER
319,kakao_2455@kakao.com,user5259@gmail.com,조하윤,USER
320,kakao_2482@kakao.com,user5078@gmail.com,한서연,USER
321,kakao_3231@kakao.com,user2970@gmail.com,윤가영,ADMIN
322,kakao_7587@kakao.com,user5010@gmail.com,박다은,USER
323,kakao_8225@kakao.com,user2170@gmail.com,이다은,USER
324,kakao_5395@kakao.com,user4837@gmail.com,박하윤,ADMIN
325,kakao_2275@kakao.com,user1499@gmail.com,장서현,USER
326,kakao_2967@kakao.com,user1694@gmail.com,정민기,USER
327,kakao_7285@kakao.com,user1626@gmail.com,신유정,USER
328,kakao_8368@kakao.com,user3347@gmail.com,신지민,USER
329,kakao_1168@kakao.com,user4395@gmail.com,한동혁,ADMIN
330,kakao_3231@kakao.com,user5760@gmail.com,오서연,ADMIN
331,kakao_9721@kakao.com,user5592@gmail.com,오유정,ADMIN
332,kakao_9070@kakao.com,user5591@gmail.com,강상민,USER
333,kakao_9303@kakao.com,user3948@gmail.com,장혜정,USER
334,kakao_6353@kakao.com,user3938@gmail.com,송민기,USER
335,kakao_1168@kakao.com,user3801@gmail.com,윤화경,ADMIN
336,kakao_1776@kakao.com,user3224@gmail.com,강하윤,ADMIN
337,kakao_9675@kakao.com,user2436@gmail.com,송민수,ADMIN
338,kakao_5400@kakao.com,user2603@gmail.com,황혜정,USER
339,kakao_4243@kakao.com,user1244@gmail.com,박도윤,ADMIN
340,kakao_6528@kakao.com,user4953@gmail.com,유혜정,USER
341,kakao_6872@kakao.com,user9832@gmail.com,김하윤,ADMIN
342,kakao_3683@kakao.com,user5394@gmail.com,전영희,ADMIN
343,kakao_4028@kakao.com,user1063@gmail.com,홍서현,USER
344,kakao_4961@kakao.com,user5336@gmail.com,장유정,USER
345,kakao_5938@kakao.com,user9483@gmail.com,이서연,USER
346,kakao_3265@kakao.com,user9832@gmail.com,전다은,ADMIN
347,kakao_7297@kakao.com,user9573@gmail.com,박상민,ADMIN
348,kakao_7989@kakao.com,user1137@gmail.com,홍서현,ADMIN
349,kakao_5779@kakao.com,user5391@gmail.com,신지민,USER
350,kakao_1398@kakao.com,user6329@gmail.com,최상민,ADMIN
351,kakao_8999@kakao.com,user1329@gmail.com,서유정,ADMIN
352,kakao_8442@kakao.com,user9274@gmail.com,전영희,USER
353,kakao_2554@kakao.com,user5809@gmail.com,서민기,ADMIN
354,kakao_4558@kakao.com,user4830@gmail.com,강가영,USER
355,kakao_7401@kakao.com,user1315@gmail.com,서동혁,ADMIN
356,kakao_9061@kakao.com,user6346@gmail.com,강도윤,USER
357,kakao_5995@kakao.com,user6623@gmail.com,전현우,USER
358,kakao_3234@kakao.com,user7619@gmail.com,강혜정,ADMIN
359,kakao_9104@kakao.com,user1481@gmail.com,강유정,ADMIN
360,kakao_1628@kakao.com,user9355@gmail.com,유서현,USER
361,kakao_3253@kakao.com,user7004@gmail.com,최서현,USER
362,kakao_3690@kakao.com,user2304@gmail.com,안민수,ADMIN
363,kakao_6484@kakao.com,user4194@gmail.com,조민수,ADMIN
364,kakao_4691@kakao.com,user3202@gmail.com,유지원,ADMIN
365,kakao_7225@kakao.com,user5934@gmail.com,장도윤,ADMIN
366,kakao_5185@kakao.com,user1493@gmail.com,한지민,USER
367,kakao_5246@kakao.com,user1976@gmail.com,황영희,USER
368,kakao_1349@kakao.com,user6863@gmail.com,전영희,ADMIN
369,kakao_2364@kakao.com,user8574@gmail.com,정현우,ADMIN
370,kakao_7836@kakao.com,user8342@gmail.com,신현우,USER
371,kakao_7816@kakao.com,user5856@gmail.com,유지민,USER
372,kakao_5460@kakao.com,user9937@gmail.com,강혜정,ADMIN
373,kakao_9443@kakao.com,user8946@gmail.com,정화경,USER
374,kakao_5962@kakao.com,user6627@gmail.com,조민수,USER
375,kakao_3265@kakao.com,user4176@gmail.com,전영희,ADMIN
376,kakao_1688@kakao.com,user3400@gmail.com,장화경,ADMIN
377,kakao_9847@kakao.com,user2052@gmail.com,오동혁,USER
378,kakao_5282@kakao.com,user5661@gmail.com,김정은,USER
379,kakao_8164@kakao.com,user5697@gmail.com,한서현,USER
380,kakao_7169@kakao.com,user9376@gmail.com,김가영,USER
381,kakao_3376@kakao.com,user9827@gmail.com,강서연,ADMIN
382,kakao_2414@kakao.com,user1328@gmail.com,권현우,ADMIN
383,kakao_3827@kakao.com,user1785@gmail.com,권혜정,ADMIN
384,kakao_9031@kakao.com,user2997@gmail.com,신다은,USER
385,kakao_7238@kakao.com,user3999@gmail.com,황유정,ADMIN
386,kakao_6766@kakao.com,user4243@gmail.com,박화경,USER
387,kakao_2785@kakao.com,user3131@gmail.com,홍혜정,ADMIN
388,kakao_7735@kakao.com,user2686@gmail.com,최다은,ADMIN
389,kakao_7154@kakao.com,user5002@gmail.com,오도윤,USER
390,kakao_4763@kakao.com,user6839@gmail.com,서서연,ADMIN
391,kakao_7003@kakao.com,user7530@gmail.com,조서현,USER
392,kakao_1982@kakao.com,user9620@gmail.com,홍화경,USER
393,kakao_1802@kakao.com,user4234@gmail.com,장영희,USER
394,kakao_7432@kakao.com,user1972@gmail.com,김혜정,ADMIN
395,kakao_7515@kakao.com,user2121@gmail.com,권하윤,ADMIN
396,kakao_4202@kakao.com,user5345@gmail.com,안민수,ADMIN
397,kakao_7521@kakao.com,user7037@gmail.com,윤도윤,ADMIN
398,kakao_9285@kakao.com,user3523@gmail.com,안다은,USER
399,kakao_2543@kakao.com,user3705@gmail.com,윤유정,ADMIN
400,kakao_9350@kakao.com,user3600@gmail.com,서상민,USER
401,kakao_2178@kakao.com,user1928@gmail.com,강민수,ADMIN
402,kakao_3548@kakao.com,user8160@gmail.com,정상민,ADMIN
403,kakao_9094@kakao.com,user7304@gmail.com,서혜정,USER
404,kakao_9773@kakao.com,user4969@gmail.com,신유정,USER
405,kakao_2972@kakao.com,user5523@gmail.com,권하윤,ADMIN
406,kakao_7780@kakao.com,user6744@gmail.com,송혜정,USER
407,kakao_8253@kakao.com,user8252@gmail.com,윤서연,ADMIN
408,kakao_6977@kakao.com,user9044@gmail.com,서다은,USER
409,kakao_8698@kakao.com,user6981@gmail.com,박하윤,ADMIN
410,kakao_9793@kakao.com,user9786@gmail.com,유지민,USER
411,kakao_4558@kakao.com,user5782@gmail.com,안유정,USER
412,kakao_5762@kakao.com,user1688@gmail.com,송혜정,ADMIN
413,kakao_3157@kakao.com,user2436@gmail.com,오하윤,USER
414,kakao_2418@kakao.com,user6465@gmail.com,송유정,USER
415,kakao_8670@kakao.com,user8323@gmail.com,권민수,ADMIN
416,kakao_1158@kakao.com,user2477@gmail.com,서지민,USER
417,kakao_1826@kakao.com,user7363@gmail.com,홍화경,USER
418,kakao_6121@kakao.com,user5003@gmail.com,오지원,ADMIN
419,kakao_1221@kakao.com,user9767@gmail.com,강민수,ADMIN
420,kakao_2635@kakao.com,user8929@gmail.com,홍혜정,USER
421,kakao_2536@kakao.com,user6552@gmail.com,안하윤,ADMIN
422,kakao_6721@kakao.com,user9816@gmail.com,최다은,ADMIN
423,kakao_1104@kakao.com,user7155@gmail.com,윤유정,USER
424,kakao_3279@kakao.com,user1716@gmail.com,한다은,ADMIN
425,kakao_9372@kakao.com,user5748@gmail.com,송영희,ADMIN
426,kakao_6813@kakao.com,user9361@gmail.com,윤영희,USER
427,kakao_5558@kakao.com,user1660@gmail.com,오하윤,USER
428,kakao_5738@kakao.com,user4858@gmail.com,한영희,ADMIN
429,kakao_2802@kakao.com,user8515@gmail.com,유현우,USER
430,kakao_9022@kakao.com,user5750@gmail.com,서도윤,USER
431,kakao_5790@kakao.com,user2017@gmail.com,정지원,ADMIN
432,kakao_3640@kakao.com,user5009@gmail.com,서하윤,USER
433,kakao_4790@kakao.com,user3469@gmail.com,최현우,ADMIN
434,kakao_1671@kakao.com,user5716@gmail.com,한서현,ADMIN
435,kakao_6163@kakao.com,user1756@gmail.com,오혜정,ADMIN
436,kakao_1330@kakao.com,user4317@gmail.com,정서연,USER
437,kakao_9432@kakao.com,user5271@gmail.com,조상민,ADMIN
438,kakao_6190@kakao.com,user8071@gmail.com,신유정,ADMIN
439,kakao_1926@kakao.com,user4195@gmail.com,홍영희,ADMIN
440,kakao_7970@kakao.com,user6347@gmail.com,유하윤,ADMIN
441,kakao_9686@kakao.com,user1371@gmail.com,한민수,USER
442,kakao_6511@kakao.com,user8250@gmail.com,유영희,ADMIN
443,kakao_5334@kakao.com,user9549@gmail.com,안가영,USER
444,kakao_5703@kakao.com,user9982@gmail.com,황지민,ADMIN
445,kakao_9628@kakao.com,user6146@gmail.com,최다은,ADMIN
446,kakao_5714@kakao.com,user4768@gmail.com,오서연,ADMIN
447,kakao_4036@kakao.com,user4617@gmail.com,송지원,USER
448,kakao_4841@kakao.com,user6024@gmail.com,오서현,ADMIN
449,kakao_9189@kakao.com,user2501@gmail.com,장하윤,ADMIN
450,kakao_3552@kakao.com,user2858@gmail.com,송하윤,ADMIN
451,kakao_9890@kakao.com,user5983@gmail.com,송도윤,USER
452,kakao_8603@kakao.com,user8755@gmail.com,홍지민,USER
453,kakao_7355@kakao.com,user4649@gmail.com,윤가영,USER
454,kakao_7175@kakao.com,user4369@gmail.com,이정은,ADMIN
455,kakao_7693@kakao.com,user2381@gmail.com,박혜정,ADMIN
456,kakao_2816@kakao.com,user6451@gmail.com,이상민,ADMIN
457,kakao_3352@kakao.com,user6468@gmail.com,윤다은,ADMIN
458,kakao_8102@kakao.com,user6206@gmail.com,박현우,USER
459,kakao_9303@kakao.com,user8613@gmail.com,장동혁,ADMIN
460,kakao_3843@kakao.com,user3454@gmail.com,박유정,USER
461,kakao_1405@kakao.com,user6519@gmail.com,전하윤,USER
462,kakao_2311@kakao.com,user2421@gmail.com,안현우,USER
463,kakao_1397@kakao.com,user6855@gmail.com,조현우,ADMIN
464,kakao_7263@kakao.com,user8938@gmail.com,권지원,USER
465,kakao_5905@kakao.com,user9849@gmail.com,조동혁,USER
466,kakao_9284@kakao.com,user6015@gmail.com,강화경,ADMIN
467,kakao_7354@kakao.com,user2451@gmail.com,송민수,ADMIN
468,kakao_8073@kakao.com,user5612@gmail.com,한동혁,USER
469,kakao_7770@kakao.com,user9269@gmail.com,서현우,ADMIN
470,kakao_2881@kakao.com,user5094@gmail.com,서지원,ADMIN
471,kakao_3914@kakao.com,user8022@gmail.com,박상민,USER
472,kakao_1585@kakao.com,user1804@gmail.com,장민수,USER
473,kakao_8066@kakao.com,user9723@gmail.com,정지원,ADMIN
474,kakao_9515@kakao.com,user7278@gmail.com,이서현,ADMIN
475,kakao_4487@kakao.com,user5537@gmail.com,전동혁,USER
476,kakao_2278@kakao.com,user4753@gmail.com,유민수,ADMIN
477,kakao_8810@kakao.com,user2042@gmail.com,안화경,USER
478,kakao_9960@kakao.com,user9871@gmail.com,홍현우,ADMIN
479,kakao_1845@kakao.com,user9346@gmail.com,전현우,USER
480,kakao_5771@kakao.com,user9363@gmail.com,권다은,ADMIN
481,kakao_6164@kakao.com,user4152@gmail.com,한영희,USER
482,kakao_9168@kakao.com,user4036@gmail.com,서상민,USER
483,kakao_9910@kakao.com,user6505@gmail.com,오정은,USER
484,kakao_7961@kakao.com,user2956@gmail.com,송상민,ADMIN
485,kakao_9862@kakao.com,user5155@gmail.com,한상민,ADMIN
486,kakao_1474@kakao.com,user5957@gmail.com,한서현,ADMIN
487,kakao_5262@kakao.com,user7627@gmail.com,한현우,USER
488,kakao_7593@kakao.com,user5954@gmail.com,서정은,USER
489,kakao_5327@kakao.com,user6242@gmail.com,최유정,ADMIN
490,kakao_4525@kakao.com,user7935@gmail.com,전화경,ADMIN
491,kakao_7800@kakao.com,user6198@gmail.com,서서현,USER
492,kakao_2579@kakao.com,user3944@gmail.com,조화경,ADMIN
493,kakao_9294@kakao.com,user1565@gmail.com,장화경,USER
494,kakao_9937@kakao.com,user8778@gmail.com,서민기,USER
495,kakao_1088@kakao.com,user3329@gmail.com,김동혁,USER
496,kakao_3567@kakao.com,user9998@gmail.com,송혜정,USER
497,kakao_8208@kakao.com,user1224@gmail.com,서혜정,USER
498,kakao_8005@kakao.com,user3490@gmail.com,유가영,USER
499,kakao_6791@kakao.com,user8606@gmail.com,황서연,ADMIN
500,kakao_6539@kakao.com,user8874@gmail.com,홍혜정,ADMIN
